{
  "verdict": "GREEN",
  "raw_array": [
    0.0,
    0.0004,
    0.0,
    0.0,
    0.020000000000000004,
    1.3333333333333294e-08,
    1.3333333333333294e-08,
    2.6666666666666674e-08,
    0.0,
    0.0,
    0.0,
    2.666666666666667e-08,
    -0.0,
    1.3333333333333296e-08,
    1.3333333333333296e-08,
    1.0,
    0.0,
    0.0,
    0.0,
    1.0,
    0.0,
    0.0,
    0.0,
    1.0
  ],
  "parsed": {
    "status": 0,
    "status_ok": true,
    "status_message": null,
    "area_mm2": 400.0,
    "centroid_mm": [
      0.0,
      0.0,
      20.000000000000004
    ],
    "ixx_mm4": 13333.333333333294,
    "iyy_mm4": 13333.333333333294,
    "izz_mm4": 26666.666666666675,
    "ixy_mm4": 0.0,
    "izx_mm4": 0.0,
    "iyz_mm4": 0.0,
    "jp_mm4": 26666.66666666667,
    "principal_angle_deg": -0.0,
    "ix_mm4": 13333.333333333296,
    "iy_mm4": 13333.333333333296,
    "principal_axis_x": [
      1.0,
      0.0,
      0.0
    ],
    "principal_axis_y": [
      0.0,
      1.0,
      0.0
    ],
    "principal_axis_z": [
      0.0,
      0.0,
      1.0
    ]
  },
  "checks": {
    "G1_status_ok": "PASS",
    "G2_area": "PASS",
    "G3_centroid_z": "PASS",
    "G4_ixx": "PASS",
    "G5_iyy": "PASS",
    "G6_ixy_near_zero": "PASS",
    "G7_jp": "PASS"
  },
  "errors": []
}